{"path_plot":{"sha256":"294bff01e4eb2d3c07445b9ca2dcf8061a9cb1945b1b18b815e9a65f5619ebf2","size":456518,"path":"media/images/path_plot_805_294bff01e4eb2d3c0744.png","format":"png","width":2000,"height":1200,"_type":"image-file"},"lagrangian":106.35427856445312,"kinetic energy":289.7503356933594,"Loss_fn bd0":2243.7109375,"potential energy":-183.39605712890625,"_timestamp":1.7425229745805297e+09,"_runtime":2060.66474345,"Loss_fn bd1":2204.498046875,"_step":805,"_wandb":{"runtime":2061}}