{"_wandb":{"runtime":284},"path_plot":{"_type":"image-file","sha256":"e6081a95de29011624011b3c5a824ed746bb5c97b5254436af8212326ab60488","size":405231,"path":"media/images/path_plot_965_e6081a95de2901162401.png","format":"png","width":2000,"height":1200},"_step":1005,"_timestamp":1.74284336799112e+09,"Loss_fn bd0":56886.3203125,"_runtime":283.807088615,"potential energy":0,"Loss_fn bd1":56710.609375,"lagrangian":102.0768814086914,"kinetic energy":102.0768814086914}