{"_wandb":{"runtime":307},"_step":805,"Loss_fn bd1":2214.4970703125,"path_plot":{"size":283613,"path":"media/images/path_plot_805_ad5d46641ef958ac4b9a.png","format":"png","width":2000,"height":1200,"_type":"image-file","sha256":"ad5d46641ef958ac4b9ac271b2a0cfae29ae42c543e8fb921d65247353a8c803"},"lagrangian":407.00335693359375,"potential energy":83.36839294433594,"_timestamp":1.7421770175816145e+09,"kinetic energy":323.63494873046875,"Loss_fn bd0":2396.151611328125,"_runtime":306.321911895}