{"path_plot":{"sha256":"b7e4a463ab6e6939862bdf70281e627bb161076c07fe88d43898b82194c581c5","size":272149,"path":"media/images/path_plot_805_b7e4a463ab6e6939862b.png","format":"png","width":2000,"height":1200,"_type":"image-file"},"_runtime":2053.280879414,"Loss_fn bd0":2288.353515625,"Loss_fn bd1":2125.834716796875,"lagrangian":522.0389404296875,"potential energy":117.65597534179688,"_wandb":{"runtime":2054},"_step":805,"kinetic energy":404.3829345703125,"_timestamp":1.742573000379079e+09}