{"_step":603,"_runtime":225.705211044,"kinetic energy":1108.32080078125,"Loss_fn bd0":2274.074462890625,"potential energy":60.609283447265625,"_timestamp":1.7421796335182562e+09,"Loss_fn bd1":2358.862060546875,"_wandb":{"runtime":226},"lagrangian":1168.9300537109375,"path_plot":{"_type":"image-file","sha256":"10600f49956ddda2a36dde90beba1d1434a2b25d16399b3f72d98b026b5a2455","size":312538,"path":"media/images/path_plot_483_10600f49956ddda2a36d.png","format":"png","width":2000,"height":1200}}