{"_wandb":{"runtime":1176},"lagrangian":4.35648250579834,"_step":605,"potential energy":0.37121397256851196,"path_plot":{"sha256":"a91d9b1873793e3a8545b0f41ebb7c93827cd59d468df8a95e78db5ebd2dc648","size":422641,"path":"media/images/path_plot_565_a91d9b1873793e3a8545.png","format":"png","width":2000,"height":1200,"_type":"image-file"},"_runtime":1175.126938582,"_timestamp":1.7428443672911594e+09,"kinetic energy":3.9852685928344727,"Loss_fn bd0":2215.145751953125,"Loss_fn bd1":2245.46337890625}