{"lagrangian":7.698005199432373,"_wandb":{"runtime":1203},"_step":605,"Loss_fn bd0":2231.65771484375,"Loss_fn bd1":2223.3935546875,"path_plot":{"size":578676,"path":"media/images/path_plot_565_28a24ccc4e08b3577a1b.png","format":"png","width":2000,"height":1200,"_type":"image-file","sha256":"28a24ccc4e08b3577a1b8dc15e54f449de7ec1bf38201f693b148c56d7135a70"},"potential energy":2.7680745124816895,"_timestamp":1.7428466772418463e+09,"_runtime":1202.287922437,"kinetic energy":4.929930686950684}