{"lagrangian":784.0125732421875,"potential energy":72.30760955810547,"_runtime":281.009199762,"_step":805,"path_plot":{"format":"png","width":2000,"height":1200,"_type":"image-file","sha256":"9d60d9f7c805b3bac6081654588566fd09294719d100fa654a9745dfae476b13","size":324757,"path":"media/images/path_plot_805_9d60d9f7c805b3bac608.png"},"kinetic energy":711.7049560546875,"_timestamp":1.7421779127619376e+09,"Loss_fn bd1":2275.302490234375,"_wandb":{"runtime":282},"Loss_fn bd0":2410.207763671875}