{"_runtime":342.688783814,"Loss_fn bd0":3070.208984375,"_wandb":{"runtime":343},"potential energy":143.7551727294922,"kinetic energy":656.451171875,"_step":805,"Loss_fn bd1":2879.105224609375,"lagrangian":800.2063598632812,"path_plot":{"path":"media/images/path_plot_805_a04483afe19709cb94dc.png","format":"png","width":2000,"height":1200,"_type":"image-file","sha256":"a04483afe19709cb94dcfaa85a7a78099fcc05b748209a3d6f0f1401643c2276","size":336674},"_timestamp":1.7423847213142476e+09}