{"_runtime":1103.049032466,"Loss_fn bd0":2207.512939453125,"kinetic energy":275.9571533203125,"_wandb":{"runtime":1104},"_step":805,"potential energy":-175.54275512695312,"path_plot":{"format":"png","width":2000,"height":1200,"_type":"image-file","sha256":"9073b78b20d4349f94aa03fac4a622fe028e218c9575448035b3959ffa8bf24a","size":410237,"path":"media/images/path_plot_805_9073b78b20d4349f94aa.png"},"Loss_fn bd1":2159.310791015625,"_timestamp":1.7425164520060964e+09,"lagrangian":100.41439819335938}