{"_step":805,"path_plot":{"height":1200,"_type":"image-file","sha256":"dfa939d52102ec6e5b88ca83d2de9a15a2dc56afc7b8af7034507fb60888b8e0","size":328980,"path":"media/images/path_plot_805_dfa939d52102ec6e5b88.png","format":"png","width":2000},"_wandb":{"runtime":377},"Loss_fn bd0":2426.680419921875,"potential energy":77.77156066894531,"Loss_fn bd1":2344.68603515625,"lagrangian":880.5015869140625,"_timestamp":1.7422116540125983e+09,"kinetic energy":802.7300415039062,"_runtime":376.698717753}