{"_runtime":201.278322417,"_wandb":{"runtime":206},"kinetic energy":429.4007568359375,"_timestamp":1.742513298921064e+09,"path_plot":{"size":279893,"path":"media/images/path_plot_483_0d11f7c629a03b660c99.png","format":"png","width":2000,"height":1200,"_type":"image-file","sha256":"0d11f7c629a03b660c995ca7a01efd5fb8d972c88abc78e20bf83a6316806fb0"},"Loss_fn bd1":2205.724609375,"potential energy":106.45036315917969,"_step":543,"Loss_fn bd0":2275.572265625,"lagrangian":535.8511352539062}