{"_timestamp":1.742839873503591e+09,"_runtime":61.274739195,"Loss_fn bd1":11058.3935546875,"potential energy":0,"Loss_fn bd0":11032.787109375,"lagrangian":19.90699005126953,"_step":204,"path_plot":{"_type":"image-file","sha256":"32ac55115196747c76e1a9318788c5112a975b408a0f266f4bae1aeb8a48726a","size":417394,"path":"media/images/path_plot_164_32ac55115196747c76e1.png","format":"png","width":2000,"height":1200},"_wandb":{"runtime":62},"kinetic energy":19.90699005126953}