{"Loss_fn bd1":2219.0859375,"_step":805,"lagrangian":7.58597469329834,"_timestamp":1.7428486859361224e+09,"_wandb":{"runtime":1689},"path_plot":{"format":"png","width":2000,"height":1200,"_type":"image-file","sha256":"ac8ef399d55bcc2bc861c179b58786ebbad966245edc973a18ad55abb7e59245","size":582447,"path":"media/images/path_plot_765_ac8ef399d55bcc2bc861.png"},"Loss_fn bd0":2237.674072265625,"kinetic energy":4.973172187805176,"_runtime":1688.470865308,"potential energy":2.612802743911743}