{"kinetic energy":483.8080749511719,"_timestamp":1.7423839389622064e+09,"lagrangian":590.7979125976562,"Loss_fn bd1":2692.364990234375,"_wandb":{"runtime":376},"potential energy":106.98982238769531,"Loss_fn bd0":2489.216796875,"_step":724,"_runtime":371.009343263,"path_plot":{"size":346551,"path":"media/images/path_plot_644_f2aced8ba5cdecaf23d7.png","format":"png","width":2000,"height":1200,"_type":"image-file","sha256":"f2aced8ba5cdecaf23d79b76f06505d08fa4aec2e4b02cda7418b13d7db447d1"}}