{"kinetic energy":4.087043285369873,"potential energy":0,"_wandb":{"runtime":10},"_runtime":8.121707655,"_step":20,"path_plot":{"width":2000,"height":1200,"_type":"image-file","sha256":"0d273eff233c9515db8028abaac550d2775c77f7fd8d0a41b437fee35031abf4","size":476967,"path":"media/images/path_plot_0_0d273eff233c9515db80.png","format":"png"},"_timestamp":1.7428431764568424e+09,"lagrangian":4.087043285369873}