{"_wandb":{"runtime":328},"Loss_fn bd0":2425.115234375,"path_plot":{"path":"media/images/path_plot_805_a209f0eaef47fe0d8f78.png","format":"png","width":2000,"height":1200,"_type":"image-file","sha256":"a209f0eaef47fe0d8f78a10c1e944ec9199ebd4905cebf84950451fbec6ee02f","size":330281},"kinetic energy":371.48150634765625,"potential energy":91.02267456054688,"Loss_fn bd1":2363.947998046875,"_runtime":327.453429618,"lagrangian":462.5041809082031,"_step":805,"_timestamp":1.742210695771847e+09}