{"_wandb":{"runtime":215},"Loss_fn bd0":58371.21484375,"path_plot":{"width":2000,"height":1200,"_type":"image-file","sha256":"cd66bcfe26397052de6cdd9398c8c571d662bd934027d39d8f140cb5eaea8c97","size":416836,"path":"media/images/path_plot_765_cd66bcfe26397052de6c.png","format":"png"},"_timestamp":1.74284273193154e+09,"_runtime":214.917388006,"lagrangian":102.52887725830078,"kinetic energy":102.52887725830078,"_step":805,"Loss_fn bd1":56857.63671875,"potential energy":0}