{"_step":605,"_wandb":{"runtime":168},"_timestamp":1.7428389474504285e+09,"kinetic energy":20.053159713745117,"potential energy":0,"path_plot":{"size":387786,"path":"media/images/path_plot_565_461ae755efe7bf311f49.png","format":"png","width":2000,"height":1200,"_type":"image-file","sha256":"461ae755efe7bf311f4991e003e5a32e82ea7acdcd50f181c7bc5fe08b667d0f"},"lagrangian":20.053159713745117,"Loss_fn bd0":10987.0693359375,"Loss_fn bd1":11014.5859375,"_runtime":167.042973608}