{"Loss_fn bd0":2250.10009765625,"_step":605,"kinetic energy":3.975951910018921,"_wandb":{"runtime":177},"potential energy":0,"_timestamp":1.7425768411331563e+09,"Loss_fn bd1":2157.271728515625,"_runtime":175.999830585,"lagrangian":3.975951910018921,"path_plot":{"sha256":"f079989b0b50a8dc61edc084879099470254e14b593a1a3b93a7598f3e18cedd","size":400940,"path":"media/images/path_plot_605_f079989b0b50a8dc61ed.png","format":"png","width":2000,"height":1200,"_type":"image-file"}}