{"path_plot":{"size":580278,"path":"media/images/path_plot_765_5f84ff7fc498123b7826.png","format":"png","width":2000,"height":1200,"_type":"image-file","sha256":"5f84ff7fc498123b7826022f49abb3379d9ce90184af5a5045e60d7e77f5c11b"},"Loss_fn bd0":2199.2900390625,"_runtime":1569.168144019,"_timestamp":1.7428508746225543e+09,"lagrangian":7.481619834899902,"_wandb":{"runtime":1570},"_step":805,"potential energy":2.563607931137085,"kinetic energy":4.9180121421813965,"Loss_fn bd1":2232.377685546875}