{"Loss_fn bd0":11090.79296875,"_timestamp":1.7428394774085882e+09,"_runtime":61.243613206,"kinetic energy":19.96327018737793,"path_plot":{"format":"png","width":2000,"height":1200,"_type":"image-file","sha256":"c1b4a34d94d20686038ff169c9736488dcfc1415a76800c1b66171dc376fd24f","size":417044,"path":"media/images/path_plot_164_c1b4a34d94d20686038f.png"},"_step":204,"potential energy":0,"_wandb":{"runtime":62},"Loss_fn bd1":11350.216796875,"lagrangian":19.96327018737793}