{"kinetic energy":410.599609375,"Loss_fn bd0":2338.138916015625,"_wandb":{"runtime":297},"Loss_fn bd1":2162.90380859375,"_timestamp":1.742473986695953e+09,"lagrangian":511.2989807128906,"potential energy":100.69937896728516,"_step":805,"path_plot":{"path":"media/images/path_plot_805_e031a738f685de216695.png","format":"png","width":2000,"height":1200,"_type":"image-file","sha256":"e031a738f685de2166952508132ee4f6d204e2c65cb275f202e719ddfd69f176","size":274010},"_runtime":296.485893513}