{"potential energy":0,"_wandb":{"runtime":657},"kinetic energy":102.23351287841797,"Loss_fn bd0":58564.55859375,"_step":2505,"_timestamp":1.7428458267526402e+09,"lagrangian":102.23351287841797,"Loss_fn bd1":57530.03515625,"_runtime":656.714951226,"path_plot":{"_type":"image-file","sha256":"956e903955c8ded20b56c82f17b2777ddcda9e71fc960a25a38984599f577213","size":367623,"path":"media/images/path_plot_2405_956e903955c8ded20b56.png","format":"png","width":2000,"height":1200}}