{"Loss_fn bd1":11035.7119140625,"path_plot":{"sha256":"037f8ec39f4338fd5969c20ca1488a02a39af4d217b7f26f17209b81579bb78f","size":386301,"path":"media/images/path_plot_605_037f8ec39f4338fd5969.png","format":"png","width":2000,"height":1200,"_type":"image-file"},"lagrangian":19.962818145751953,"_timestamp":1.7425781427977142e+09,"_runtime":176.961228248,"potential energy":0,"Loss_fn bd0":10868.306640625,"kinetic energy":19.962818145751953,"_wandb":{"runtime":178},"_step":605}