{"Loss_fn bd1":3357.875,"_step":140,"Loss_fn bd0":3151.20849609375,"kinetic energy":1309.4547119140625,"_runtime":58.676255653,"_wandb":{"runtime":64},"lagrangian":1427.53662109375,"path_plot":{"_type":"image-file","sha256":"62df193122c9b94d6a670d2535c8439fa59b686adeb39ad3a05c8e787a604024","size":292035,"path":"media/images/path_plot_40_62df193122c9b94d6a67.png","format":"png","width":2000,"height":1200},"_timestamp":1.7421786181993537e+09,"potential energy":118.08192443847656}