{"potential energy":4.075760364532471,"lagrangian":253.5309600830078,"_runtime":296.396904193,"path_plot":{"width":2000,"height":1200,"_type":"image-file","sha256":"18d6d6a88ba4b05d18d3c2b6d89a5cf28861cdd218eec002050ead68be96235c","size":279565,"path":"media/images/path_plot_805_18d6d6a88ba4b05d18d3.png","format":"png"},"_wandb":{"runtime":297},"_step":805,"Loss_fn bd0":2326.549072265625,"Loss_fn bd1":2153.313720703125,"kinetic energy":249.4552001953125,"_timestamp":1.7425140436868746e+09}