{"_runtime":21.23354321,"_wandb":{"runtime":28},"_step":19,"lagrangian":1052.99267578125,"kinetic energy":821.7274780273438,"potential energy":231.26516723632812,"_timestamp":1.7421766558430862e+09}