{"_step":805,"path_plot":{"size":297599,"path":"media/images/path_plot_805_e1cb5a0a63e493af1e5f.png","format":"png","width":2000,"height":1200,"_type":"image-file","sha256":"e1cb5a0a63e493af1e5f1a322abb62767d114e459abdebc6bfe2eca2f4cf9894"},"Loss_fn bd0":2365.119140625,"_runtime":273.222211619,"potential energy":98.44343566894531,"_timestamp":1.7423969660611575e+09,"_wandb":{"runtime":274},"kinetic energy":422.8489990234375,"Loss_fn bd1":2173.090576171875,"lagrangian":521.2924194335938}